reference_id,peer_source_status,peer_source_claim,peer_sources,peer_acceptance_proposal,review_disposition,integrated_phase,acceptance_ids,runtime_status
01,Partial,"No Loop or Play-from-start control; Play always starts at song start (Main.cpp:232 loop=true); order strip is a dropdown, not order chips with +Pattern/Duplicate/Remove; default Notes panel is a read-only cell view; Compose leaves lower dock visible; last layout not restored at launch; no menu bar; position/tempo readout hidden below 994 DIP (WorkspaceDraw.inc:12)",windows/App/WorkspaceView.inc; WorkspaceDraw.inc; Main.cpp:394-399,"Fixture 01, Compose layout at 1280x800 DIP: transport shows play-from-start/play/stop/loop/follow/live keys and position+BPM; order chips with +Pattern/Duplicate/Remove; tracker focused; note inspector; autosave status.","Adopt composing reachability and compact transport checks; exact order-chip design and Mac preset composition are proposals, not Windows parity requirements. Verify launch restoration and current foreground layout.",P3/P8,A16,Not executed; peer assertions are not qualification evidence
02,Partial,129 fixed commands vs 419 on Mac; tool-window controls not searchable/bindable; execute() has no availability check (CommandPalette.hpp:128-133); Windows already rejects conflicts and persists shortcuts with a lock,windows/App/CommandPalette.hpp; WorkspaceCommands.inc; WorkspaceShortcuts.hpp; WorkspaceShortcutDispatch.inc,Ctrl+K lists every registry command including tool-window actions; unavailable entries greyed with reason and not run; sequence binding persists after restart; conflict rejected naming the other command.,Adopt item-level command reachability and availability checks. Do not equate 129 palette entries with all Windows actions or inherit heuristic matching counts as proof.,P3/P8,A16,Not executed; peer assertions are not qualification evidence
03,Gap,No Keyboard and Display preferences; note rows fixed to physical keys (upper row includes I); row height fixed; Play cannot bind to unmodified Return (WorkspaceShortcuts.hpp:64-68),none (MusicalTyping.inc:17-24 fixed rows; WorkspaceView.inc:10 rowHeight=18),"Edit both note rows, choose Space or Return for play, set row height 18-34; grid geometry and hit-testing follow; settings persist; default physical-key layout unchanged for new users.",Fixed musical key rows and 18-DIP height confirmed previously. Preserve held-note physical ownership and saved shortcuts while adding preferences.,P3,A05/A16,Not executed; peer assertions are not qualification evidence
04,Partial,Same fields and guards. Commit model differs: Windows draft + Apply = one Undo for all hits; Mac autosaves ~180 ms after each edit (PreciseNotes.swift:318-322),windows/App/PreciseNoteWindow.hpp; PreciseNoteOwner*.inc; PreciseNoteEditor.inc,"Fixture 04 P0 R0 ch1: 4 hits, row offsets 0/.25/.5/.75, beat offsets 0/.0625/.125/.1875, notes 49/56/61/56, velocities 98/79/110/61. Edit velocity: Undo count matches the agreed commit model; external edit mid-draft keeps the draft and rejects stale commit.",Adopt one-Undo direct gestures plus retained complex drafts; explicit Apply alone is not a defect. Stale write cannot discard raw draft.,P3/P4,A01/A05,Not executed; peer assertions are not qualification evidence
05,Partial,"No Preview (dryRun) button; otherwise column count, search, binding picker, value/offset/duration/units, stale guard present","windows/App/PatternEditor.inc:130-140,217-235; WorkspaceView.inc:255-256",Fixture 04 P0 ch1: 3 FX columns; row 4 FX2 pitch slide +2.5 st / 2 rows; row 8 FX3 nudge 35% / 1 beat; row 12 FX2 PS binding 1 at 60%. Preview leaves revision unchanged; Apply = one Undo.,Existing typed native FX controls are implemented. Preview/picker workflow is additional UI scope; do not rebuild command semantics.,P3,A01/A05,Not executed; peer assertions are not qualification evidence
06,Parity-in-source,Equivalent; Windows adds stale-preview messaging and Ctrl+Enter/F6,windows/App/SongTimingWindow.hpp:108-160,"Fixture 02: modern timing 124.5 BPM, 6 ticks/row, 4 rows/beat, 16 rows/bar, groove 1.12/0.88/1.12/0.88; Preview during playback leaves revision unchanged; Apply = one Undo.",Aligned with existing scope. Keep peer acceptance as a future proposed check; source-specific subclaims require targeted confirmation before being labelled gaps. No runtime pass inherited.,P3,A06,Not executed; peer assertions are not qualification evidence
07,Gap,"No Pattern Tools panel: interpolate/humanize/randomize/scale/fill/remap, field masks and channel/pattern/song/note-track scopes unreachable; no preview; delete-rows allows data loss without preview",API only: windows/Session/PatternTransform.inc:13-21; UI: EditingView.inc:82-91 (immediate reverse/rotate/expand/shrink/transpose),"Fixture 04, current channel, Interpolate Volume 4->64: preview lists the same changes as Mac pattern.transform dryRun for identical params; any setting change discards preview; Apply reuses previewed revision; stale rejection; one Undo.",Full retained transform preview workbench is a confirmed UI gap; preview must capture all settings and revision and allocate no live IDs.,P3,A01/A04/A05,Not executed; peer assertions are not qualification evidence
08,Partial,"No picker at the cursor, no ? key, no description pane, no jump from SK to Scratch editor",windows/App/PatternEditor.inc:130-140 (search inside Effects editor),Fixture 02 FX cell: open picker at cursor; search 'scratch' lists SK and SX with descriptions; bounded parameter entry; choosing SK offers the phrase editor.,Aligned with existing scope. Keep peer acceptance as a future proposed check; source-specific subclaims require targeted confirmation before being labelled gaps. No runtime pass inherited.,P3,A01/A05,Not executed; peer assertions are not qualification evidence
09,Parity-in-source,Equivalent musical controls; Windows editor is floating-only,windows/App/ScratchGestureWindow.hpp:205-225; ScratchGestureIntegration.inc,"Fixture 02: phrase 'Parity two-click flare'; SK P0 r0 ch5 (API ch4) instr 5, 4 beats, 120 ms, repeats 2, forward; SX at row 16; Use in pattern + Undo.",Aligned with existing scope. Keep peer acceptance as a future proposed check; source-specific subclaims require targeted confirmation before being labelled gaps. No runtime pass inherited.,P4,A01/A05/A09,Not executed; peer assertions are not qualification evidence
11,Parity-in-source,Reorder by buttons/Ctrl+Up/Down (no drag); New/Duplicate open a draft; API drift: Mac-only order.edit 'move'/'destination' rejected by Windows (DocumentOperations.cpp:350),"windows/App/ArrangementWindow.hpp:260-270,372-377","Fixture 02: INTRO/VARIATION/RETURN, P0 repeated; insert, move (UI and order.edit move), rename, Undo; save/reopen preserves labels.",order.edit omits move/destination in Windows current source; adopt contract case. Button reordering already exists.,P2/P3,A01/A04/A06,Not executed; peer assertions are not qualification evidence
12,Parity-in-source,"Same shared summary; Windows adds Independent/Clip toggles, lacks drag-and-drop",windows/App/ArrangementMatrixWindow.hpp; Session/DocumentOperations.cpp:143-180 (shared summarizeArrangement),arrangement.matrix for fixture 04 equals REF evidence/arrangement-before.json after removing revision tokens.,Aligned with existing scope. Keep peer acceptance as a future proposed check; source-specific subclaims require targeted confirmation before being labelled gaps. No runtime pass inherited.,P2/P3,A01/A04/A06,Not executed; peer assertions are not qualification evidence
13,Gap,"No track.get/create/group/ungroup/column.set; no named headers, group spans, column mute, dialog",none (DocumentController.cpp has no track.*; NativeMetadata preserves noteTracks/columnMutes only),Fixture 02: New Note Track with 3 columns + output choice; Group Selected Columns; Ungroup keeps processing; column mute by header click; one Undo each; save/reopen; Mac reopen shows identical noteTracks.,"Track APIs/header grouping missing, shared model/codec exist. Structural create and live column mute require separate admission policies.",P2,A01/A03,Not executed; peer assertions are not qualification evidence
14,Partial,"Loop markers drawn but not draggable/nudgeable; draft+Apply vs Mac debounced save; detail editor is floating, not docked","windows/App/SampleDetailWindow.hpp:19-31,223; SampleWorkflowDraft.hpp; SampleDetailWorkflows.inc","Fixture 02 sample 5: 24,000 frames, forward loop 2,400-19,200; drag and keyboard-nudge loop end; commit per agreed model; Undo; stale rejection.",Adopt direct loop-handle/keyboard checks as planned ergonomics; current source already supports sample loop editing/preview/apply.,P4,A01/A07,Not executed; peer assertions are not qualification evidence
15,Parity-in-source,Same 14 ops; one shared 'amount' field for normalize/gain/smooth,windows/App/SampleDetailWindow.hpp:121-123; SampleDetailWorkflows.inc:46,Fixture 02 sample 5: preview exponential fade-out (exp 3) leaves revision unchanged; Apply = one Undo; zero-crossing snap with search 2048.,Aligned with existing scope. Keep peer acceptance as a future proposed check; source-specific subclaims require targeted confirmation before being labelled gaps. No runtime pass inherited.,P4,A01/A07,Not executed; peer assertions are not qualification evidence
16,Parity-in-source,Equivalent; crossfade requires a clean loop draft,"windows/App/SampleDetailWindow.hpp:20-28,57-66,125","Fixture 02 sample 5: copy, preview mix paste -6/0 dB, paste, Undo; Copy to new; 64-frame equal-power crossfade preview then apply.",Aligned with existing scope. Keep peer acceptance as a future proposed check; source-specific subclaims require targeted confirmation before being labelled gaps. No runtime pass inherited.,P4,A01/A07,Not executed; peer assertions are not qualification evidence
17,Partial,"Same NNA/DCT/DNA, flags, ADSR, keymap; Windows batches all edits into one Apply vs Mac per-control instrument.patch","windows/App/InstrumentEnvelopeWindow.hpp:16-23,95,337","Fixture 04 instrument 1/n20: volume (0,0),(4,64),(16,40),(40,0), sustain node 2; pan (0,16),(8,48),(24,32) enabled; Undo granularity matches agreed model.",Preserve compound form Apply and raw drafts while introducing gesture commits where useful; do not copy Mac per-keystroke history.,P4,A01/A08,Not executed; peer assertions are not qualification evidence
18,Parity-in-source,Same 9 ops,windows/App/InstrumentEnvelopeWindow.hpp:22,Fixture 02: preview Scale ticks 0-16 leaves revision unchanged; Apply; one Undo.,Aligned with existing scope. Keep peer acceptance as a future proposed check; source-specific subclaims require targeted confirmation before being labelled gaps. No runtime pass inherited.,P4,A01/A08,Not executed; peer assertions are not qualification evidence
19,Parity-in-source,Same 8 envelope.bank/catalogue methods,windows/App/EnvelopeBankWindow.hpp:9,"Fixture 04 with --envelope-test-catalogue: Make current independent, then template list, master edit, catalogue copy.",Aligned with existing scope. Keep peer acceptance as a future proposed check; source-specific subclaims require targeted confirmation before being labelled gaps. No runtime pass inherited.,P4,A01/A08/A09,Not executed; peer assertions are not qualification evidence
21,Partial,"Flat slot list (no owner bus), Up/Down instead of drag; one combobox + number + Apply; no search, sliders, choices, per-parameter actions, Record automation, dynamics meter; plugin.meters missing on Windows; no rack context menu","windows/App/PluginEditor.inc:64-75,180-215,265-270",Fixture 04 Gainer: searchable parameter list; Gain slider gesture = one Undo; enum/bool parameters show labelled choices; compare names with REF evidence/effect-01.ax.txt.,"Adopt searchable typed parameters, destination-aware controls and activity links. Existing API/plugin-state publication is not missing.",P4/P7,A01/A17,Not executed; peer assertions are not qualification evidence
23,Partial,"Explicit Apply (Windows) vs debounced autosave with draft generation (Mac PatternAutomation.swift:466,546); no Record gestures",windows/App/ParameterAutomationWindow.hpp; AutomationCanvas.hpp; Session/PatternAutomation.inc,"Fixture 02/04 P0 Gainer Gain: points rows 0/16/32/48, values .35/.8/.45/.65, shapes smooth/linear/scripted/linear; drag point commits per agreed model; one Undo; save/reopen.",Add explicit manual-capture workflow; existing recorded-point APIs are not the same as record-gesture arming.,P4/P4b/P8,A01/A09,Not executed; peer assertions are not qualification evidence
24,Parity-in-source,"Same evaluator, reference, completion and validity gate; Use returns a draft that still needs the parent Apply; reference loaded synchronously (Expand fails while worker busy)","windows/App/FormulaWorkbenchWindow.hpp:46-100,127,188,195",Row-32 segment shows start+(end-start)*t + 0.06*sin(t*pi*4) with live preview; Use formula commits per agreed model; one Undo.,Aligned with existing scope. Keep peer acceptance as a future proposed check; source-specific subclaims require targeted confirmation before being labelled gaps. No runtime pass inherited.,P4,A01/A09,Not executed; peer assertions are not qualification evidence
25,Partial,Windows clears the preview on each keystroke and on error; Mac keeps the last valid preview (screenshot 25),"windows/App/FormulaWorkbenchWindow.hpp:47,97-98; Tests/test_formula_workbench.py:136","Type 'sin(' and Check: inline 'Formula at character 5' error, previous valid preview retained, Use disabled, song revision unchanged.","Retaining last-valid formula preview is a proposal; label it stale/last valid, disable Use on invalid input, verify current native behavior.",P4,A01/A09,Not executed; peer assertions are not qualification evidence
26,Platform-equivalent,Same dry-run transform/copy with signature guard; Windows stages Preview then Apply curve; Mac Apply tool autosaves,"windows/App/ParameterAutomationWindow.hpp:134-150,295-303 (Tools page)","Fixture 04 Gainer Gain: Flip time over rows 0-64; copy 0-16, paste at 32 x2; same clip count as Mac; one Undo.","Keep preview/apply as a valid equivalent for compound transforms, with exact scope/history and stale protection.",P4,A01/A09,Not executed; peer assertions are not qualification evidence
27,Partial,"No targets until playback prepared (Mac lists rack while stopped); view freezes after engine rebuild until Refresh; no Last touched, Play/capture, Edit mapping, search, capture status, origin/clamp reading; single-colour trace; floating only and does not retarget","windows/App/ParameterActivityWindow.hpp; Session/ParameterActivityOperations.inc:16,41-44",Fixture 02 stopped: rack processors listed with explicit empty trace; play P0: Gainer Gain trace + source breakdown; engine rebuild keeps watching; Open source navigates to the lane.,"Stopped enumeration, retargeting and re-watch after engine rebuild require runtime/source-path qualification; API observation/provenance already exists.",P5,A01/A12,Not executed; peer assertions are not qualification evidence
28,Partial,Same API semantics; Windows 'Save point' moves the selected point (Mac upserts at typed time); blocks after any unrelated revision change; no empty-state text; unusable while stopped,windows/App/ParameterActivityWindow.hpp:101-146; AbsoluteAutomationWindow.hpp; Session/AbsoluteAutomation.inc,Fixture 02: empty-state text; add at 0.5 s on a parameter without envelope; move; delete; one Undo each; unrelated edit does not block point edit; save/reopen.,"Adopt richer activity targeting and manual gesture capture as separate work. Correct the stopped-only assumption: saved recorded-point edits and Undo/Redo already use prepared live publication on both platforms. Activity prepared-copy enumeration differs from stopped saved-lane access; preserve queue/stale/preparation refusal atomicity. See F28, A12 and handoff details.",P5,A01/A12,Not executed; peer assertions are not qualification evidence
29,Partial,Separate floating song canvas; no playing/tail/bypassed badges,windows/App/SongRoutingCanvas.hpp; SongRoutingWindow.hpp (floating),Fixture 03/04: node and edge set equals Mac screenshot 29 / graph.get; activity badges during playback.,Aligned with existing scope. Keep peer acceptance as a future proposed check; source-specific subclaims require targeted confirmation before being labelled gaps. No runtime pass inherited.,P5,A01/A10/A11/A12,Not executed; peer assertions are not qualification evidence
30,Gap,DEFECT: for Row/Persistent stage cards the Ordinary page loads and Assign rewrites the bus's ordinary assignment; card titles omit role; no library-definition scope or live-copy concept,"windows/App/SongRoutingWindow.hpp:28-41,100-103,181",Fixture 03: selecting the Persistent card shows role-specific controls only; Assign cannot alter the Ordinary assignment; identity text shows role and n34.,"Independently confirmed role-blind assignment path; P0b fix before general graph redesign. Role text exists in canvas detail, but action identity/inspector are insufficient.",P0b/P5/P8,A01/A10/A11/A12,Not executed; peer assertions are not qualification evidence
31,Partial,"Rendering matches; open via Enter/combobox, no double-click or breadcrumb; whole-definition draft + Apply",windows/App/GraphCanvas.hpp; GraphEditor.inc,"Fixture 03 Pulse movement: 5 nodes, audio path, zero-depth LFO wire; open by double-click and breadcrumb.",Adopt per-level navigation and direct gesture ergonomics. Definition/draft currently exists; do not claim entire recipe editor is absent.,P5,A01/A10/A11/A12,Not executed; peer assertions are not qualification evidence
32,Partial,One property at a time via combobox + Set + Apply vs Mac grouped fields committing on Return,"windows/App/GraphEditor.inc:30,42-43,242",Select Slow pulse: rate/phase/attack/release visible together; rate 2 commits; one Undo.,Aligned with existing scope. Keep peer acceptance as a future proposed check; source-specific subclaims require targeted confirmation before being labelled gaps. No runtime pass inherited.,P5,A01/A10/A11/A12,Not executed; peer assertions are not qualification evidence
33,Partial,Spread over 3 surfaces; single parameter combobox; plugin edits refused while graph draft pending; Interface only for VST3,windows/App/GraphEditor.inc:213-247; GraphTrimsWindow.hpp; GraphWorkflow*,"Select n37: full parameter list, bypass, trims reachable from the inspector; Gain edit = one Undo.",Aligned with existing scope. Keep peer acceptance as a future proposed check; source-specific subclaims require targeted confirmation before being labelled gaps. No runtime pass inherited.,P4/P7,A01/A17,Not executed; peer assertions are not qualification evidence
34,Parity-in-source,Same shared model; separate window not following selection; shows only the first modulation source per port (:20); no Reset,windows/App/GraphTrimsWindow.hpp:19-34; editor/AudioPortTrim.hpp,Fixture 03/04 Input 0: -6 dB linked inverse to output +6; Pattern motion 0..3 dB; set -9: output +9; one Undo; every source on the port listed.,Shared linked-trim behavior implemented. Confirm multi-source presentation/reset reachability before adding controls.,P5,A01/A10/A11,Not executed; peer assertions are not qualification evidence
36,Gap,Selected-bus LISTBOX + fields + Apply; one meter; mute/solo are drafts; no strips/faders/gesture preview,"windows/App/MixerEditor.inc:20-36,135-174",Fixture 04: 12 buses as strips (scrollable); fader drag previews during playback and commits one Undo per gesture; per-bus meters; immediate mute/solo; strip never retargets during scroll/reorder.,Mixer strip UI absent from main; retained ignored proposal is not implementation. P1 follows P0 safety/conformance.,P1,A01/A02/A11,Not executed; peer assertions are not qualification evidence
37,Partial,"No bus colour, cannot add return (hard-coded kind=group), no Route here (mixer.instrument.route), Add effect only from existing rack effects",windows/App/MixerEditor.inc:156; SongRoutingWindow.hpp:70-122,Fixture 04 Pulse: send to Parallel texture -12 dB post; add a return; set colour; Route here for an instrument; each one Undo; save/reopen.,Adopt return/destination/color workflow over existing APIs. Keep bus ID and send/inserts preserved.,P5,A01/A10/A11/A17,Not executed; peer assertions are not qualification evidence
38,Partial,No title/channel-count UI although document.patch supports them,windows/App/SongTimingWindow.hpp (timing only),Fixture 03: change title and channel count via Song settings; Cancel leaves revision; Apply = one Undo.,Aligned with existing scope. Keep peer acceptance as a future proposed check; source-specific subclaims require targeted confirmation before being labelled gaps. No runtime pass inherited.,P3,A06,Not executed; peer assertions are not qualification evidence
39,Platform-equivalent,WASAPI output + period; stereo endpoints only; no IMMNotificationClient (no default/format change handling),windows/App/AudioSettingsWindow.hpp; windows/Audio/WasapiDevice.cpp:122-126,Open without applying; multichannel endpoint maps or is rejected with explanation; unplug/default change transitions safely.,Stereo-only source and no endpoint notification registration found; actual device failure/recovery requires qualification. Do not change system defaults.,P7,A11/A13/A17,Not executed; peer assertions are not qualification evidence
40,Parity-in-source,WinMM; no virtual input; take review present,windows/App/MidiRecordingWindow.hpp; RecordingIntegration.inc; windows/Audio/MidiInput.cpp,"Source, record-to-pattern, exact/snap, columns, latency adjust; injected test input produces a retained take.",Aligned with existing scope. Keep peer acceptance as a future proposed check; source-specific subclaims require targeted confirmation before being labelled gaps. No runtime pass inherited.,P7,A01/A13,Not executed; peer assertions are not qualification evidence
41,Gap,Load warnings/issues/requiresSaveAs already in DocumentView (DocumentController.cpp:345) but no report view,windows/App/EditingView.inc:276-278 (status line only),"Missing-plugin project: persistent report listing issues, editable vs preview-only guidance, Save a copy path.","Load warnings/source protection exist; full persistent report is a UI gap, not absent recovery implementation.",P6,A01/A15,Not executed; peer assertions are not qualification evidence
42,Gap,No audio export (Mac AudioExport.mm is Mac-only); no API on either platform,none,Fixture 04 export 48 kHz WAV; rendered PCM matches Mac export of the same fixture within the agreed tolerance; cancel leaves no partial file.,User audio export absent; diagnostic/offline and selection render infrastructure exists. Shared export has snapshot/cancel/atomic-output requirements.,P6,A01/A15,Not executed; peer assertions are not qualification evidence
44,Partial,No 60 s / 5 min limit choice,windows/App/SampleRecordingWindow.hpp:113 (maxSeconds 60 hard-coded),Idle recorder shows device/channel/limit/name/create-instrument; limit 300 s accepted; no system default change.,Fixed 60-second Windows UI confirmed; 300-second option must obey actual frame/memory limits and retained take lifecycle.,P4/P7,A01/A14,Not executed; peer assertions are not qualification evidence
45,Parity-in-source,Equivalent; family detection implemented separately in Swift and C++,windows/App/SampleLibraryWindow.hpp; MultisampleImportWindow.hpp; windows/Samples/Library.cpp:131,"--sample-test-library REF fixtures/audio: search Parity, Parity_C3.wav shows a 3-note family; Check roots; import one instrument.",Reuse shared family rules only after comparing current Swift/C++ behavior; sample library/import APIs already exist.,P4,A07/A08,Not executed; peer assertions are not qualification evidence
47,Partial,"No dedicated sidechain editor, no input enumeration, no incompatibility explanation (typed port 0-63)",windows/App/SongRoutingWindow.hpp:94-97,Fixture 04: Gainer shows 'no auxiliary input' explanation; Compressor input 1 from Kick; Undo.,"Adopt bus enumeration/incompatibility explanation; separate sidechain window is optional Windows design, not mandatory copying.",P5,A01/A10/A11/A17,Not executed; peer assertions are not qualification evidence
48,Partial,One port at a time; refusals as errors not inline explanation; reachable from rack only,"windows/App/PluginEditor.inc:136-146,245-250",Gainer: main buses listed with fixed-main explanation; reachable from mixer/sidechain flow.,Aligned with existing scope. Keep peer acceptance as a future proposed check; source-specific subclaims require targeted confirmation before being labelled gaps. No runtime pass inherited.,P4/P7,A01/A17,Not executed; peer assertions are not qualification evidence
49,Partial,"DEFECT: lane value hex uses lround (Windows 'S001 B3') vs truncation on Mac ('B2'); editor floating-only, never follows cursor, does not retarget while visible; needs explicit Enable mixer",windows/App/GraphPatternLanes.inc:40-61; GraphCommandsWindow.hpp:84-132,Fixture 04 P0 Pulse: cells read identically on both platforms (shared formatter); row 0 lane 1 start n34 70%/80%; row 16 lane 2 Amount 35%; row 32 stop with tails; editor retargets from lane Enter.,Both rounding drift and hard-coded lane beat shading independently confirmed. F04 B2/59 display checks; do not mutate stored amount. Retargeting remains runtime check.,P3/P5/P8,A01/A05/A10,Not executed; peer assertions are not qualification evidence
50,Partial,plugin.add sends no target (lands unassigned); no graph effect browser,windows/App/PluginLibraryWindow.hpp:57-60,Fixture 04 --plugin-test-library: Built-in > Gainer > Add to cursor track / selected graph; correct destination; one Undo.,Aligned with existing scope. Keep peer acceptance as a future proposed check; source-specific subclaims require targeted confirmation before being labelled gaps. No runtime pass inherited.,P4/P7,A01/A17,Not executed; peer assertions are not qualification evidence
51,Partial,Sound design shows older Samples inspector + whatever lower editor; does not compose sample editor + mixer + automation like Mac,windows/App/Main.cpp:394-399,"Fixture 04 Sound design: sample editor, bottom mixer, automation, retained pattern context; compare REF evidence/sound-design-workspace.json.",Presets should achieve composing journey clarity; need not use exactly the same Mac panel placements. Preserve Windows named/Connected/Graph-editing layouts.,P3/P8,A16,Not executed; peer assertions are not qualification evidence
52,Parity-in-source,Equivalent,windows/App/WorkspaceRegions.hpp (patternFocus); Main.cpp:397,Pattern focus hides auxiliaries; opening a docked editor returns to Compose; compare REF evidence/pattern-focus-workspace.json.,Aligned with existing scope. Keep peer acceptance as a future proposed check; source-specific subclaims require targeted confirmation before being labelled gaps. No runtime pass inherited.,P3/P8,A16,Not executed; peer assertions are not qualification evidence
53,Parity-in-source,Equivalent,windows/App/EnvelopeBankWindow.hpp,Fixture 04: master edit of 'Parity ADSR template' updates the linked use on n20; independent copy unchanged; unlink keeps shape; Undo.,Aligned with existing scope. Keep peer acceptance as a future proposed check; source-specific subclaims require targeted confirmation before being labelled gaps. No runtime pass inherited.,P4,A01/A08/A09,Not executed; peer assertions are not qualification evidence
54,Partial,Group/processor/wire operations in forms; canvas gestures thin; live-copy observation not on canvas,windows/App/GraphWorkflowWindow.hpp; GraphEditor.inc,"Fixture 04: named Gain processor, LFO +/-0.2 around 0.8, inverse trims; stopped copy unavailable message.",Aligned with existing scope. Keep peer acceptance as a future proposed check; source-specific subclaims require targeted confirmation before being labelled gaps. No runtime pass inherited.,P5,A01/A10/A11/A12,Not executed; peer assertions are not qualification evidence
55,Gap,No Enabled/Quantize for recipe wires; 'Add / update wire' rebuilds the edge (quantized lost); DEFECT: new modulation cables default to 0..1 depth with base 0 (sound jumps); forward-only Ctrl+Tab,"windows/App/GraphEditor.inc:209-212,243,295-299; GraphCableEdits.hpp:26-28","Cycle to Slow pulse -> Gain processor: parameter 1, -0.2..+0.2, base 0.8, quantize and enabled editable and preserved on update; reverse cycling; a new cable starts at zero depth around the current base.","Fresh socket default and dropped quantized field independently confirmed; safe range edits preserve siblings/base/other fields. Mac zero-depth is verified for gesture path, not every form initializer.",P0b/P5/P8,A01/A10/A11/A12,Not executed; peer assertions are not qualification evidence
56,Partial,Draft + Apply vs Mac pending save with Retry/Reload,windows/App/GraphCurveWindow.hpp; GraphCurveOwner*.inc,"Fixture 04 n39/P0: points 0/0.1 smooth, 4096/0.9 smooth, 8192/0.25 linear; edit; delete source elsewhere then commit: stale rejection keeps draft.",Retained draft plus Apply is already functional. Add consistent gesture/outcome semantics without automatic blind stale retries.,P4,A01/A09,Not executed; peer assertions are not qualification evidence
57,Partial,No full parameter list; no Parameter activity link for recipe processors,windows/App/GraphEditor.inc (plugin page),"Gain processor: full parameter list, bypass, activity, trims.",Aligned with existing scope. Keep peer acceptance as a future proposed check; source-specific subclaims require targeted confirmation before being labelled gaps. No runtime pass inherited.,P5,A01/A10/A11,Not executed; peer assertions are not qualification evidence
58,Gap,"No document.exportModule, no module export UI",none (EditingView.inc:235 save filter .screamseq only),Fixture 04 Export Module: format-matched filter; sample-preservation warning; exported module reopens; native-only state warning shown.,Windows module export absent. Preserve native save and communicate loss rather than silently stripping native state.,P6,A01/A15,Not executed; peer assertions are not qualification evidence
59,Parity-in-source,Shared code; Windows validates candidate first,shared editor/ArrangementTools.cpp via Session/DocumentOperations.cpp:143-196,Copy INTRO/Pulse -> RETURN/Spare overwrite makeUnique on fixture 04: saved tree equals fixture 05 (except allowed nextID); one Undo restores 04 (nextID 43 retained); Redo restores 05; aliased no-op preserves Redo.,"No blanket allocator exception: exact expected F04->F05 allocation, Undo high-water exception only; no-op preserves Redo.",P2/P3,A01/A04/A06,Not executed; peer assertions are not qualification evidence
60,Parity-in-source,As row 04,windows/App/PreciseNoteWindow.hpp,"Fixture 05 P2 ch8/API ch7: offsets 0/.25/.5/.75, notes/instrument/velocities unchanged.",Aligned with existing scope. Keep peer acceptance as a future proposed check; source-specific subclaims require targeted confirmation before being labelled gaps. No runtime pass inherited.,P3/P4,A01/A05,Not executed; peer assertions are not qualification evidence
61,Partial,Data shared; editor lacks Preview,windows/App/PatternEditor.inc,"Fixture 05 P2 Spare: 3 FX columns; +2.5 st/2 rows, nudge 35%/1 beat, binding 1 at 60%.",Aligned with existing scope. Keep peer acceptance as a future proposed check; source-specific subclaims require targeted confirmation before being labelled gaps. No runtime pass inherited.,P3,A01/A05,Not executed; peer assertions are not qualification evidence
FX01,Partial,Same 5 parameters; Windows edits one at a time (combobox + number + Apply); enums/bools typed as indices; no search; dynamics have no meters,windows/App/PluginEditor.inc:118-124 (shared editor/NativeEffects.cpp),Fixture 04 rack slot 1: 5 parameters with names/order/ranges matching REF evidence/effect-01.ax.txt; enumerated parameters show labelled choices; lower controls reachable by scroll/search.,"Adopt labelled enum/bool/slider/search/meter acceptance per effect using the reference parameter catalogue; shared built-in DSP already exists. Parameter counts are reference inputs, not newly executed plugin results.",P4/P7,A01/A17,Not executed; peer assertions are not qualification evidence
FX02,Partial,Same 3 parameters; Windows edits one at a time (combobox + number + Apply); enums/bools typed as indices; no search; dynamics have no meters,windows/App/PluginEditor.inc:118-124 (shared editor/NativeEffects.cpp),Fixture 04 rack slot 2: 3 parameters with names/order/ranges matching REF evidence/effect-02.ax.txt; enumerated parameters show labelled choices; lower controls reachable by scroll/search.,"Adopt labelled enum/bool/slider/search/meter acceptance per effect using the reference parameter catalogue; shared built-in DSP already exists. Parameter counts are reference inputs, not newly executed plugin results.",P4/P7,A01/A17,Not executed; peer assertions are not qualification evidence
FX03,Partial,Same 4 parameters; Windows edits one at a time (combobox + number + Apply); enums/bools typed as indices; no search; dynamics have no meters,windows/App/PluginEditor.inc:118-124 (shared editor/NativeEffects.cpp),Fixture 04 rack slot 3: 4 parameters with names/order/ranges matching REF evidence/effect-03.ax.txt; enumerated parameters show labelled choices; lower controls reachable by scroll/search.,"Adopt labelled enum/bool/slider/search/meter acceptance per effect using the reference parameter catalogue; shared built-in DSP already exists. Parameter counts are reference inputs, not newly executed plugin results.",P4/P7,A01/A17,Not executed; peer assertions are not qualification evidence
FX04,Partial,Same 6 parameters; Windows edits one at a time (combobox + number + Apply); enums/bools typed as indices; no search; dynamics have no meters,windows/App/PluginEditor.inc:118-124 (shared editor/NativeEffects.cpp),Fixture 04 rack slot 4: 6 parameters with names/order/ranges matching REF evidence/effect-04.ax.txt; enumerated parameters show labelled choices; lower controls reachable by scroll/search.,"Adopt labelled enum/bool/slider/search/meter acceptance per effect using the reference parameter catalogue; shared built-in DSP already exists. Parameter counts are reference inputs, not newly executed plugin results.",P4/P7,A01/A17,Not executed; peer assertions are not qualification evidence
FX05,Partial,Same 23 parameters; Windows edits one at a time (combobox + number + Apply); enums/bools typed as indices; no search; dynamics have no meters,windows/App/PluginEditor.inc:118-124 (shared editor/NativeEffects.cpp),Fixture 04 rack slot 5: 23 parameters with names/order/ranges matching REF evidence/effect-05.ax.txt; enumerated parameters show labelled choices; lower controls reachable by scroll/search.,"Adopt labelled enum/bool/slider/search/meter acceptance per effect using the reference parameter catalogue; shared built-in DSP already exists. Parameter counts are reference inputs, not newly executed plugin results.",P4/P7,A01/A17,Not executed; peer assertions are not qualification evidence
FX06,Partial,Same 43 parameters; Windows edits one at a time (combobox + number + Apply); enums/bools typed as indices; no search; dynamics have no meters,windows/App/PluginEditor.inc:118-124 (shared editor/NativeEffects.cpp),Fixture 04 rack slot 6: 43 parameters with names/order/ranges matching REF evidence/effect-06.ax.txt; enumerated parameters show labelled choices; lower controls reachable by scroll/search.,"Adopt labelled enum/bool/slider/search/meter acceptance per effect using the reference parameter catalogue; shared built-in DSP already exists. Parameter counts are reference inputs, not newly executed plugin results.",P4/P7,A01/A17,Not executed; peer assertions are not qualification evidence
FX07,Partial,Same 15 parameters; Windows edits one at a time (combobox + number + Apply); enums/bools typed as indices; no search; dynamics have no meters,windows/App/PluginEditor.inc:118-124 (shared editor/NativeEffects.cpp),Fixture 04 rack slot 7: 15 parameters with names/order/ranges matching REF evidence/effect-07.ax.txt; enumerated parameters show labelled choices; lower controls reachable by scroll/search.,"Adopt labelled enum/bool/slider/search/meter acceptance per effect using the reference parameter catalogue; shared built-in DSP already exists. Parameter counts are reference inputs, not newly executed plugin results.",P4/P7,A01/A17,Not executed; peer assertions are not qualification evidence
FX08,Partial,Same 8 parameters; Windows edits one at a time (combobox + number + Apply); enums/bools typed as indices; no search; dynamics have no meters,windows/App/PluginEditor.inc:118-124 (shared editor/NativeEffects.cpp),Fixture 04 rack slot 8: 8 parameters with names/order/ranges matching REF evidence/effect-08.ax.txt; enumerated parameters show labelled choices; lower controls reachable by scroll/search.,"Adopt labelled enum/bool/slider/search/meter acceptance per effect using the reference parameter catalogue; shared built-in DSP already exists. Parameter counts are reference inputs, not newly executed plugin results.",P4/P7,A01/A17,Not executed; peer assertions are not qualification evidence
FX09,Partial,Same 7 parameters; Windows edits one at a time (combobox + number + Apply); enums/bools typed as indices; no search; dynamics have no meters,windows/App/PluginEditor.inc:118-124 (shared editor/NativeEffects.cpp),Fixture 04 rack slot 9: 7 parameters with names/order/ranges matching REF evidence/effect-09.ax.txt; enumerated parameters show labelled choices; lower controls reachable by scroll/search.,"Adopt labelled enum/bool/slider/search/meter acceptance per effect using the reference parameter catalogue; shared built-in DSP already exists. Parameter counts are reference inputs, not newly executed plugin results.",P4/P7,A01/A17,Not executed; peer assertions are not qualification evidence
FX10,Partial,Same 9 parameters; Windows edits one at a time (combobox + number + Apply); enums/bools typed as indices; no search; dynamics have no meters,windows/App/PluginEditor.inc:118-124 (shared editor/NativeEffects.cpp),Fixture 04 rack slot 10: 9 parameters with names/order/ranges matching REF evidence/effect-10.ax.txt; enumerated parameters show labelled choices; lower controls reachable by scroll/search.,"Adopt labelled enum/bool/slider/search/meter acceptance per effect using the reference parameter catalogue; shared built-in DSP already exists. Parameter counts are reference inputs, not newly executed plugin results.",P4/P7,A01/A17,Not executed; peer assertions are not qualification evidence
FX11,Partial,Same 30 parameters; Windows edits one at a time (combobox + number + Apply); enums/bools typed as indices; no search; dynamics have no meters,windows/App/PluginEditor.inc:118-124 (shared editor/NativeEffects.cpp),Fixture 04 rack slot 11: 30 parameters with names/order/ranges matching REF evidence/effect-11.ax.txt; enumerated parameters show labelled choices; lower controls reachable by scroll/search.,"Adopt labelled enum/bool/slider/search/meter acceptance per effect using the reference parameter catalogue; shared built-in DSP already exists. Parameter counts are reference inputs, not newly executed plugin results.",P4/P7,A01/A17,Not executed; peer assertions are not qualification evidence
FX12,Partial,Same 16 parameters; Windows edits one at a time (combobox + number + Apply); enums/bools typed as indices; no search; dynamics have no meters,windows/App/PluginEditor.inc:118-124 (shared editor/NativeEffects.cpp),Fixture 04 rack slot 12: 16 parameters with names/order/ranges matching REF evidence/effect-12.ax.txt; enumerated parameters show labelled choices; lower controls reachable by scroll/search.,"Adopt labelled enum/bool/slider/search/meter acceptance per effect using the reference parameter catalogue; shared built-in DSP already exists. Parameter counts are reference inputs, not newly executed plugin results.",P4/P7,A01/A17,Not executed; peer assertions are not qualification evidence
FX13,Partial,Same 18 parameters; Windows edits one at a time (combobox + number + Apply); enums/bools typed as indices; no search; dynamics have no meters,windows/App/PluginEditor.inc:118-124 (shared editor/NativeEffects.cpp),Fixture 04 rack slot 13: 18 parameters with names/order/ranges matching REF evidence/effect-13.ax.txt; enumerated parameters show labelled choices; lower controls reachable by scroll/search.,"Adopt labelled enum/bool/slider/search/meter acceptance per effect using the reference parameter catalogue; shared built-in DSP already exists. Parameter counts are reference inputs, not newly executed plugin results.",P4/P7,A01/A17,Not executed; peer assertions are not qualification evidence
FX14,Partial,Same 6 parameters; Windows edits one at a time (combobox + number + Apply); enums/bools typed as indices; no search; dynamics have no meters,windows/App/PluginEditor.inc:118-124 (shared editor/NativeEffects.cpp),Fixture 04 rack slot 14: 6 parameters with names/order/ranges matching REF evidence/effect-14.ax.txt; enumerated parameters show labelled choices; lower controls reachable by scroll/search.,"Adopt labelled enum/bool/slider/search/meter acceptance per effect using the reference parameter catalogue; shared built-in DSP already exists. Parameter counts are reference inputs, not newly executed plugin results.",P4/P7,A01/A17,Not executed; peer assertions are not qualification evidence
FX15,Partial,Same 16 parameters; Windows edits one at a time (combobox + number + Apply); enums/bools typed as indices; no search; dynamics have no meters,windows/App/PluginEditor.inc:118-124 (shared editor/NativeEffects.cpp),Fixture 04 rack slot 15: 16 parameters with names/order/ranges matching REF evidence/effect-15.ax.txt; enumerated parameters show labelled choices; lower controls reachable by scroll/search.,"Adopt labelled enum/bool/slider/search/meter acceptance per effect using the reference parameter catalogue; shared built-in DSP already exists. Parameter counts are reference inputs, not newly executed plugin results.",P4/P7,A01/A17,Not executed; peer assertions are not qualification evidence
B01,Needs-runtime,"Two independent metadata-17 codecs with observed drift (unknown-field policy, duration optionality, precise-note parameter); native_project.py caps 5/14","windows/Project/NativeProject.cpp:43,107-108,161-169; ProjectPreservation.hpp",All 5 fixtures: Windows open -> Save As -> Mac reopen and Mac open -> save -> Windows reopen produce identical normalized property trees (embedded module/plugin bytes identical).,Typed trees distinguish bool/int/real and opaque bytes. Strict-decoder drift is not proof user open fails; test recovery classification. No blanket nextID/UUID exceptions.,P0c/P6/P8,A01/A15,Not executed; peer assertions are not qualification evidence
B02,Needs-runtime,Unified history present; Windows granularity is one Undo per Apply in several editors; history depth/floor differ (100 vs 128 entries),"Session/PluginOperations.cpp:337-339; DocumentController.cpp:547,615,642","Fixture 04: note, sample loop, envelope, plugin parameter, graph wire, send: each Undo/Redo restores exact state; rejected/cancelled edits leave content and cursor.","Compare musical history outcomes, atomicity and expiry; differing history depth or Apply granularity alone does not prove incorrect Undo.",P0b/P2/P4/P6/P8,A01/A15,Not executed; peer assertions are not qualification evidence
B03,Partial,Pin/follow/return/float for 4 editors only; Ctrl+P/Ctrl+Home/Alt+Left act on legacy inspector only; pins and floating frames not persisted,"windows/App/WorkspaceDocking.inc:1-24,228-243,538-541; WorkspaceState.hpp:27-31; WorkspaceRegions.hpp:16","Pin each dockable panel, move cursor, float/dock/return: target held, no draft rebasing, return restores cursor and text selection; pins persist in saved layouts.",Four retained owners and named layouts already exist. Verify focus/pin/placement cases before universal docking expansion; no silent target rebasing.,P0b/P3/P8,A16,Not executed; peer assertions are not qualification evidence
B04,Gap,"No play from cursor/selection/pattern, no loop toggle (always on), no transport.loop; Esc stops playback when returning focus","windows/App/Main.cpp:232,583-584,624; WorkspaceView.inc:270-272","Fixture 04: Play from cursor, Play selection/pattern, loop toggle during playback (applies at boundary), follow on/off; edit cursor distinct from playhead; Esc focus-return without stopping (per decision).",Add explicit scope/loop/focus-return semantics; preserve saved shortcut mappings and test IME/AltGr before adopting default changes.,P3,A06,Not executed; peer assertions are not qualification evidence
B05,Partial,MIDI take review present; no manual plugin-gesture recording,MidiRecordingWindow.hpp; RecordingIntegration.inc; no gesture recording in ParameterAutomationWindow,"Controlled MIDI source + plugin gestures during playback: exact/quantized timing, retained take, delivered-value trace, persisted recorded points.",Manual automation capture added as P4b; timestamp/conflict/arm/clear and API semantics on both platforms. Keep existing MIDI/recorded editing.,P4b/P7/P8,A01/A13,Not executed; peer assertions are not qualification evidence
B06,Needs-runtime,Validation shared; detach/heal lacks branch choice; no processing-order display,"SongRoutingWindow.hpp; GraphWorkflowActions.inc:9,64; shared GraphEditing",Fixture 04: cycle via song route rejects atomically (revision unchanged); detach branched node with explicit branch choice; Rhythm group fan-out.,Shared validation exists. Role/cable safety first; branch choice/projection and live admission require targeted native input/audio checks.,P7/P8,A11/A18,Not executed; peer assertions are not qualification evidence
B07,Gap,"202 graph/automation/activity commands: 97 matched (mostly unbindable buttons), 48 partial, 51 unmatched",WorkspaceCommands.inc; WorkspaceContextMenus.inc:111-141; GraphWorkflow*,"Every Mac graph action in REF COMMANDS.md is discoverable in Ctrl+K and keyboard reachable against fixture 04, or recorded as an intentional platform difference.",Use all item-level command entries; aggregate graph command totals in peer narrative vary. Existing APIs/forms are not absent operations.,P5,A01/A10/A11/A12,Not executed; peer assertions are not qualification evidence
B08,Partial,"Programs factory-only combobox, no search/Check; presets/aliases present","PluginEditor.inc:11-33,134-139,241-244; PluginInstrumentsWindow.hpp; PluginPathWindow.hpp","Redistributable VST3 fixture on both platforms: program load, preset save/load, alias on channel 2, missing-plugin reconnect.",Presets/aliases/programs already exist. Windows compatible live state uses prepared rack publication; blanket stopped-only gap rejected.,P4/P7,A01/A17,Not executed; peer assertions are not qualification evidence
B09,Partial,Recovery protects unsaved work; no 30-day pruning (Mac RecoveryStore.swift:90-92); load report gap,RecoveryWindow.hpp; Project/RecoveryStore.hpp:27,Disposable recovery copy + missing-plugin project: recovery never replaces unsaved work; unresolved state retained for repair.,Do not adopt automatic 30-day deletion uncritically; unresolved takes/source protection matter. Add persistent report and failure coverage.,P6,A01/A13/A15,Not executed; peer assertions are not qualification evidence
B10,Gap,Custom canvases invisible to Narrator; unlabeled edits; toggles expose no state; F6 covers only pattern/inspector,No WM_GETOBJECT/UIA anywhere in windows/App; tab order = creation order; no scroll containers,"Keyboard-only walk of every panel; Accessibility Insights FastPass clean on main window, mixer, palette; Narrator reads grid cells; resize at 100/150/200% and 1366x768@125% without hidden Apply buttons.","No custom UIA source found, but stock HWND accessibility exists. Runtime screen-reader behavior not measured. Add providers/names and native focus/resize tests.",P3/P8,A16,Not executed; peer assertions are not qualification evidence
B11,Parity-in-source,Shared semantics,shared ArrangementTools; DocumentController.cpp:615-644,"As row 59, automated in the portable fixture test on both platforms.",Aligned with existing scope. Keep peer acceptance as a future proposed check; source-specific subclaims require targeted confirmation before being labelled gaps. No runtime pass inherited.,P2/P3,A01/A04/A06,Not executed; peer assertions are not qualification evidence
B12,Parity-in-source,Shared summary,DocumentOperations.cpp:143-180,"As row 12, automated.",Aligned with existing scope. Keep peer acceptance as a future proposed check; source-specific subclaims require targeted confirmation before being labelled gaps. No runtime pass inherited.,P2/P3,A01/A04/A06,Not executed; peer assertions are not qualification evidence
B13,Parity-in-source,Equivalent in source,"MidiRecordingWindow.hpp:62,140; RecordingIntegration.inc:226-227; NativeProject.cpp:127",Controlled MIDI failure: recording.get inputError survives recovery without losing the stopped take.,"Source inputError retention is implemented; current-main runtime proof blocked by build, no inherited pass.",P7,A01/A13,Not executed; peer assertions are not qualification evidence
B14,Needs-runtime,No cross-platform render comparison or loopback yet,--offline-test/--offline-hosted-test; RenderProbe.cpp; Audio/RealtimeAudit.hpp,"Offline renders of fixtures 02-05 on both platforms compared with the agreed tolerance; tails, modulation, no discontinuities.","Characterize deterministic cross-platform PCM tolerance; retain existing exact/partition assertions, never weaken to fit a failure.",P7/P8,A11/A18,Not executed; peer assertions are not qualification evidence
